screen_name	user_id	tweet_count	story_count	stories_comma_separated
Jenn_Abrams	2882331822	248	144	9101351936,6691140623,7371058705,4841101231,7771229726,9511162912,817603110,565834796,357578800,498989151,958842434,616337815,265510982,485436494,716946518,366952536,4471005276,1121341533,242805349,2941038179,8091298917,629338214,781754897,132691560,976845929,2261001836,174638191,5261406320,991629425,681814133,7811248759,348844669,4421125761,579566724,323528839,482567276,661936786,582457493,431468185,6801174682,959769711,277918876,835766384,639546907,898630822,782947185,484821672,4831057579,875529390,1801131186,3491139254,760804540,5261047413,1101160992,812639426,663940807,862484168,8951128782,903312592,284607188,4161165530,176370911,966531296,6831193826,660727163,293988581,7781170412,2761222898,961964277,2531236600,878598393,9521177854,2851245311,424876288,1241264386,4091283718,592680206,8251190546,421371158,569840407,9211343643,4781158362,5271109922,3591233827,860874539,5541371181,8371221296,7171400497,462776628,9761124664,861405433,655486780,261532991,6411226434,2901228881,421454563,477599573,5111266657,903482210,5961004899,9491237221,207610726,479597934,812975985,293833193,9171164536,882313823,738739579,1491133308,9911201671,737589643,3681215884,408828994,470565783,488830365,538966434,456437157,644593574,368669340,9591048621,4001003439,8781153712,593492412,8231029693,6781268418,900779460,320640969,327757258,188967884,3771110865,3571278805,186854649,7791112153,262729690,131443168,825278440,5091099625,502590119,656554476,245687278,4251092648,5731267571,559902206,4621002239
KansasDailyNews	2587843805	165	114	201674752,147909124,2581297669,957307910,6401080841,6351259659,228344336,414602265,445659677,7771229726,271387142,6411066920,7651209263,357578800,3811107423,813622333,323802689,7181007439,585514587,2691180636,747536990,498989151,716563555,629338214,959769711,732852332,174638191,294340722,7841015930,8301335743,390692476,6971137153,9871042182,518978191,661936786,5191199769,413912219,159686303,832618165,3491139254,944827252,721895615,269825728,487991499,903312592,739465939,655442648,684890843,966531296,325341412,400583401,7781170412,955645167,489496275,840897785,1411412734,424876288,7661019947,532708620,592680206,236609297,685817619,5581300504,2101059873,527932195,984767780,860874539,105648945,9761124664,816785209,5131239230,261532991,449794368,190816579,835557702,348675915,6481127759,3671289681,345894739,3651214687,4621402464,799649160,782947185,2241098100,318851454,155892608,3571040642,3991299972,4291010951,2961082248,494272393,942494604,616337815,538966434,644593574,555617711,495545783,8231029693,4661336511,2971404233,188967884,256383906,6441060307,861405433,7791112153,991925211,268384732,989342175,825278440,277838825,245687278,579832822,5251089401,3771181567
TEN_GOP	4224729994	519	101	9101351936,3161251337,8411192345,6141308958,9251362850,2471171631,1021427766,9891151419,7911363649,140846662,9361372751,956882521,8691403358,498989151,9691358304,5851211880,295811690,5261406320,7811248759,348844669,8171378310,6481194123,1971249944,8361204761,6801174682,3741049500,7951213214,2981334694,4251092648,7551081130,4831057579,7771229726,8301335743,487991499,4161165530,6851392731,1911173860,1211172585,7781170412,2761222898,186854649,9521177854,2471216903,7651209263,2541291786,1731254539,2191388952,5651330329,6101391130,9211343643,3511353636,9871042182,8601305894,6081285418,8281346356,191888184,781893945,7561244475,5251195721,276898639,314857812,2801223509,4231198553,4131163483,3651214687,5111266657,8021262180,1011247508,3031279483,3911263100,3571040642,3991299972,6611196295,2961082248,3681215884,9841185677,6611310995,7991119764,8281280409,488830365,2011273120,3941207982,3991393206,4661336511,6781268418,6431306691,2231340574,3301307335,7701031888,9181303763,8701316574,2181027300,1181376998,5581300504,3351250928,5731267571,9471197686,1581348343,1501232634,5151157930,8381225301
TodayNYCity	2752677905	151	93	201674752,147909124,271387142,483501399,228344336,639546907,817603110,357578800,732852332,920537144,323802689,948790859,253665880,747536990,716563555,824660582,732544619,977906796,959769711,593678448,294340722,390692476,394339436,412459659,518978191,582457493,174638191,701526175,313535649,782947185,484821672,174718131,990509236,760804540,721895615,269825728,862484168,575796426,487991499,489496275,655442648,819440864,497576162,325341412,293988581,824657640,906673898,840897785,448939770,443623675,493734679,685817619,325646614,569840407,527932195,811717417,860874539,868972335,105648945,130363702,261532991,449794368,966531296,942494604,476849482,348675915,477599573,283525463,825758558,487899999,903482210,641644394,479597934,812975985,348650369,593993602,725887884,832910736,387579805,413912219,636979625,731668409,159686303,477651409,878598393,677653900,991925211,989342175,277838825,245687278,579832822,905394684,559902206
NewOrleansON	2530830345	169	92	201674752,147909124,957307910,961283756,599826954,228344336,414602265,131569186,817603110,920537144,429343808,323802689,485436494,253665880,747536990,716563555,629338214,732544619,394339436,174638191,294340722,390692476,3691069568,732852332,661936786,582457493,959769711,159686303,772693157,746275500,174718131,832618165,3491139254,269825728,812639426,862484168,575796426,681395407,903312592,284607188,655442648,684890843,721310428,6411154141,819440864,325341412,5291035893,840897785,448939770,443623675,432493310,532708620,592680206,236609297,685817619,325646614,527932195,860874539,341284159,190816579,747382596,835557702,348675915,6481127759,474789348,825758558,641644394,345483115,944827252,660727163,155892608,799649160,942494604,616337815,489616285,256383906,413912219,456437157,555617711,8781153712,900779460,861405433,449721305,991925211,268384732,989342175,131443168,519231972,245687278,579832822,433373690,905394684
DailySanFran	2495567768	99	77	424876288,147909124,4291010951,799649160,494272393,599826954,737589643,942494604,824660582,592680206,363329423,228344336,236609297,106513170,685817619,7841015930,259990178,959769711,256383906,5291035893,456437157,502590119,860874539,357578800,174718131,990509236,852667702,537654708,585514587,989342175,8231029693,721895615,448939770,323802689,487899999,190816579,747382596,125711301,532708620,487991499,188967884,384333261,485436494,538966434,345894739,840897785,268334806,816785209,449721305,684890843,268384732,433373690,341701854,772693157,131443168,832910736,977906796,716563555,325341412,9601021157,629338214,825278440,390692476,394339436,474789348,245687278,174638191,782947185,294340722,944827252,681814133,5331020918,186854649,455499898,141613947,267330300,432493310
WashingtOnline	2743327187	95	70	424876288,878835840,446935810,147909124,8171378310,977906796,677653900,868999950,832910736,236609297,468768274,190816579,7991119764,7781170412,325646614,616337815,741942296,8281280409,174638191,368669340,387579805,7771229726,131569186,3591233827,957307910,817603110,294340722,8781153712,105648945,537654708,825758558,3491139254,920537144,731668409,8231029693,994672192,323802689,525670339,125711301,862484168,942494604,348675915,903482210,903312592,394339436,477599573,325341412,684890843,747536990,989342175,639546907,228344336,497576162,990509236,1911173860,629338214,824660582,641644394,732852332,548976621,959769711,2761222898,256671348,432493310,579832822,878598393,433373690,738739579,390692476,9521177854
PigeonToday	2912754262	91	68	7661019947,579566724,9871042182,732852332,688495938,781754897,661936786,470565783,414602265,174638191,945573148,488830365,538966434,293833193,984767780,271387142,817603110,991629425,405962536,277918876,535631531,565834796,171704370,387579805,746974770,832618165,190473146,445659677,593492412,507619261,812639426,716563555,835557702,862484168,320640969,487991499,915960396,7701031888,511959890,739465939,477599573,474789348,262729690,502590119,782947185,945955552,345574369,903482210,2941038179,614391652,9601021157,860874539,132691560,804985321,898466411,482567276,548976621,8231029693,812975985,944827252,961964277,493963894,368919273,186854649,687628922,738739579,390692476,559902206
AmelieBaldwin	1679279490	158	64	5191199769,227434242,8991220611,6441359877,4091283718,2471216903,6481194123,3681215884,639546907,9151345423,9031282968,8251190546,1011247508,7641344150,5651330329,5581300504,8361204761,3571278805,9211343643,6331166364,8501184157,7771229726,1101160992,3591233827,6611196295,6451159943,875529390,2471171631,3901218867,8281346356,323528839,593492412,485905725,8301335743,7911363649,6781268418,6431306691,3911352263,5251195721,469907255,1731254539,3461295822,8411192345,2801223509,3511353636,4781158362,8701316574,9691358304,5111266657,2931333218,5831261923,8021262180,9491237221,781754897,3911263100,1951191914,681814133,9471197686,2001329271,9171164536,6831193826,2851245311,1491133308,3771181567
ChicagoDailyNew	2547141851	75	63	155892608,8211121472,3331256708,325646614,957307910,725887884,449794368,236609297,685817619,421371158,7791112153,147909124,445659677,9101351936,2101059873,9251362850,456437157,811717417,746275500,387579805,357578800,731668409,878598393,8281346356,130363702,816785209,861405433,120362941,8301335743,994672192,7911363649,348675915,3491139254,487991499,903312592,716563555,284607188,477599573,4541253975,339456856,474789348,772693157,825758558,176370911,131443168,448799713,990509236,325341412,824660582,641644394,572774378,732852332,782947185,294340722,201674752,559902206,634572150,5251089401,433373690,4661336511,390692476,906673898,318851454
TodayPittsburgh	2601235821	77	61	424876288,201674752,446935810,9871042182,4291010951,8231029693,942494604,840897785,518978191,228344336,236609297,661936786,685817619,9381090457,413912219,368669340,445659677,132666147,817603110,6411066920,6441060307,7661019947,6871032876,746974770,174718131,3811107423,498989151,476849482,721895615,269825728,323802689,527932195,862484168,532708620,575796426,348675915,7181007439,477651409,345894739,861405433,655442648,7791112153,684890843,7841015930,825758558,487899999,2941038179,629338214,390692476,345483115,732852332,959769711,782947185,7621073779,559902206,634572150,5251089401,433373690,802600700,365601789,432493310
NewspeakDaily	2928870434	90	60	201674752,424876288,7661019947,9871042182,6971137153,942494604,518978191,236609297,661936786,685817619,325646614,741942296,5191199769,639546907,159686303,2101059873,131569186,132666147,817603110,812975985,6411066920,811717417,860874539,6871032876,357578800,990509236,4601135198,852667702,920537144,435861364,8231029693,994672192,323802689,532708620,725887884,348675915,538966434,9761124664,527932195,1911173860,283525463,7791112153,684890843,8781153712,7841015930,825758558,498989151,8211121472,2941038179,2181027300,641644394,732544619,7781170412,593678448,782947185,256671348,840897785,448939770,390692476,432493310
TheFoundingSon	4508630900	94	54	4421125761,1241264386,8171378310,3161251337,1731254539,3681215884,498989151,661936786,7991119764,4371464537,8411192345,6141308958,6281104543,9511162912,2101059873,259990178,293988581,4251092648,3151097464,6081285418,5541371181,6411154141,1801131186,5071416819,8281346356,3491139254,9891151419,408828994,5251195721,5271109922,3771110865,2941038179,366952536,4231198553,1121341533,3651214687,5111266657,6831193826,5831261923,8021262180,9491237221,5081132518,1491133308,1951191914,7781170412,2461182702,5261406320,2761222898,5731267571,2241098100,5261047413,7811248759,2531236600,3911263100
SouthLoneStar	4355797094	118	54	424876288,155892608,3571040642,670859395,3991299972,9871042182,3161251337,2541291786,3681215884,4411141645,241998351,113885811,7991119764,147909124,2011273120,7561117219,8171378310,4251092648,5151157930,4831057579,7621073779,805815860,565837237,781893945,119839549,593993602,323802689,6781268418,7661134533,3911352263,381873226,487991499,9011272268,8951128782,460819792,4171202646,366800199,4161165530,2691180636,448939770,8701316574,498989151,2181027300,5081132518,948869863,368919273,131871340,9851093106,5731267571,354908276,3301307335,840897785,4091283718,6081285418
Politweecs	2570631118	78	51	152707584,898466411,8171378310,323528839,942494604,677653900,228344336,582457493,7641344150,2581424279,2191388952,5191199769,4911411930,9511162912,9251362850,1321379235,5521432613,898630822,991629425,875529390,8781153712,1091401521,1801131186,8281346356,439474398,3491139254,989342175,593492412,1911447200,812639426,7661134533,835557702,862484168,320640969,9361372751,7911363649,6131415509,4231198553,4161165530,8701316574,772693157,497576162,817603110,132691560,345483115,258521452,825278440,2761222898,3611332348,432493310,2701461461
ScreamyMonkey	2943515140	90	51	155892608,653841923,957307910,567271687,141948244,2941038179,942494604,236609297,661936786,238511379,414602265,639546907,489616285,7951213214,456437157,955645167,6871032876,555617711,174718131,990509236,832618165,457500342,920537144,261532991,269825728,283525463,862484168,485436494,7181007439,903312592,739465939,284607188,477599573,840897785,366952536,772693157,131443168,716563555,519231972,186854649,280326762,345483115,732852332,174638191,944827252,961964277,579832822,878598393,455499898,877464830,732544619
TodayBostonMA	2591847731	67	50	201674752,424876288,446935810,147909124,9871042182,2961082248,942494604,592680206,518978191,228344336,236609297,685817619,7841015930,616337815,413912219,159686303,538966434,527932195,644593574,6411066920,811717417,7661019947,174718131,537654708,988250809,3811107423,498989151,8231029693,8211121472,323802689,725887884,7181007439,6441060307,5251089401,7791112153,684890843,433373690,825758558,989342175,716563555,824660582,629338214,245687278,174638191,782947185,432493310,861405433,448939770,390692476,318851454
Pamela_Moore13	4272870988	135	45	6891377835,8171378310,6811271489,2541291786,3681215884,9841185677,9031282968,2191388952,6801174682,9211343643,6101391130,2011273120,1321379235,4091283718,8601305894,4251092648,6081285418,3301307335,5541371181,488830365,5711242160,1091401521,8701316574,3991393206,9761124664,7561244475,7911363649,6781268418,3911352263,9361372751,2801223509,4161165530,6851392731,8691403358,3651214687,9691358304,5111266657,8021262180,1181376998,4131163483,7781170412,2761222898,5731267571,3911263100,5151157930
USA_Gunslinger	4332740714	88	43	3571040642,5461147179,679877895,732852332,7451070859,8071420930,910913296,7991119764,1031074455,8411192345,488830365,773807903,2101059873,259990178,7561117219,6621148714,4831057579,774903726,2781152559,1091401521,4601135198,3991393206,217922495,2181068406,140846662,366800199,9471197686,3771110865,7791112153,4161165530,6851392731,2181064542,498989151,883921250,5081132518,1631150567,7651063785,948869863,131871340,5731267571,5331020918,348844669,9521177854
DetroitDailyNew	2571870453	45	43	9871042182,4291010951,2961082248,6401080841,532708620,592680206,5581300504,661936786,325646614,741942296,387579805,2101059873,131569186,585514587,984767780,456437157,357578800,990509236,261532991,323802689,812639426,190816579,188967884,485436494,477651409,6441060307,141948244,5251089401,7791112153,684890843,721310428,131443168,2941038179,325341412,641644394,245687278,174638191,294340722,712560884,634572150,861405433,7841015930,390692476
BatonRougeVoice	3091979410	80	43	878835840,201674752,653841923,942494604,592680206,236609297,661936786,414602265,639546907,772693157,817603110,7661019947,6921026602,860874539,746974770,990509236,920537144,261532991,163984321,835557702,532708620,348675915,7181007439,959769711,253665880,449721305,991925211,825758558,966531296,155892608,716563555,2181027300,732544619,732852332,106513170,245687278,174638191,782947185,435861364,579832822,840897785,390692476,432493310
WorldnewsPoli	789266125485998080	89	42	9101351936,7311276930,3991299972,8171378310,7911363649,3161251337,5671331212,2191388952,6611310995,7641344150,5081349527,5581300504,9211343643,7321319452,9251362850,3721370822,5541371181,7171400497,8281346356,2451384510,6811271489,7441342406,3301307335,1601395340,6661347918,3671289681,9181303763,4621402464,4541253975,4911411930,8201293404,8701316574,3061364447,9691358304,5111266657,8091298917,1181376998,8661246191,5931373766,5731267571,3031279483,3911263100
hyddrox	1671234620	80	39	1241264386,8991220611,3991299972,4091283718,323528839,2541291786,6481194123,3681215884,781754897,8251190546,6611310995,875529390,7641344150,9031282968,8411192345,9211343643,6331166364,6191210916,5151157930,3941207982,3901218867,8281346356,4881270967,805815860,5261286863,460819792,3671289681,8921361878,4161165530,8701316574,6831193826,242805349,2761222898,5731267571,256671348,9471197686,2531236600,1491133308,3771181567
OnlineCleveland	2753146444	62	37	147909124,271387142,942494604,518978191,236609297,582457493,325646614,387579805,259990178,527932195,721310428,7661019947,357578800,174718131,990509236,8231029693,323802689,812639426,190816579,125711301,3251018569,487991499,489496275,268384732,7841015930,498989151,474789348,641644394,732852332,174638191,739465939,961964277,692886519,448939770,660727163,365601789,432493310
DailySanDiego	2630842499	49	37	155892608,3691069568,9871042182,4291010951,2961082248,532708620,518978191,9301067408,661936786,685817619,2101059873,259990178,817603110,2191025960,811717417,7661019947,8211121472,731668409,8231029693,994672192,487991499,725887884,348675915,186854649,655442648,7791112153,991925211,7841015930,498989151,2181027300,906673898,732852332,548976621,5331020918,5251089401,448939770,318851454
SpecialAffair	2951556370	51	36	653841923,957307910,363329423,236609297,238511379,639546907,271387142,8781153712,186854649,990509236,457500342,920537144,114695903,269825728,323802689,384333261,903312592,739465939,268334806,283525463,518978191,2691180636,772693157,151421537,2941038179,629338214,267330300,9871042182,955645167,944827252,961964277,579832822,840897785,455499898,390692476,318851454
DallasTopNews	2675966513	50	33	155892608,7661019947,2961082248,494272393,599826954,661936786,5581300504,7081398170,5731267571,456437157,860874539,174718131,816785209,8231029693,129435454,323802689,525670339,485436494,489496275,7791112153,4161165530,7841015930,772693157,131443168,572774378,732852332,7621073779,944827252,5291035893,433373690,3031279483,365601789,559902206
gloed_up	3312143142	57	32	878835840,3571040642,593993602,868999950,3341083151,781754897,2101059873,484821672,6871032876,113885811,2181064542,498989151,8231029693,675737534,408828994,190816579,900779460,663940807,9541075402,160715595,6551062352,4131163483,341701854,3811107423,293988581,7651063785,548976621,812975985,7621073779,944827252,5331020918,523822204
OaklandOnline	3074013672	39	32	3691069568,155892608,4291010951,725887884,4411141645,9301067408,7371058705,685817619,2101059873,2191025960,811717417,8211121472,3491139254,731668409,994672192,323802689,487991499,477651409,6441060307,7791112153,7841015930,747536990,498989151,497576162,716563555,2181027300,293988581,824660582,5331020918,5251089401,448939770,318851454
ChesPlaysChess	1877492857	104	31	643448832,323528839,942494604,781754897,238511379,582457493,697432856,639546907,456437157,875529390,8281346356,4881270967,920537144,805815860,129435454,837431616,131443168,485436494,460819792,114549713,483501399,655442648,4131163483,819440864,5111266657,635471587,732544619,472472177,579832822,3911263100,432493310
tpartynews	3990577513	68	30	3571040642,9871042182,3161251337,3681215884,9841185677,1011247508,1971249944,7951213214,715930790,5151157930,746974770,3941207982,1801131186,7621073779,5251195721,8381225301,4231198553,4131163483,3651214687,5081132518,7651063785,7781170412,548976621,853929582,3351250928,5731267571,9471197686,7991119764,9521177854,2801223509
PhiladelphiaON	2620614029	32	28	9101351936,269825728,8071420930,957307910,271387142,2191388952,131569186,3591233827,984767780,8171378310,7621073779,990509236,366249911,721895615,994672192,6781268418,903312592,3671289681,345894739,4231198553,487899999,325341412,294340722,739465939,961964277,2001329271,433373690,877464830
Baltimore0nline	3071479646	35	26	424876288,201674752,147909124,684890843,532708620,661936786,685817619,413912219,527932195,817603110,174718131,323802689,190816579,878835840,489496275,284607188,477599573,991925211,825758558,824660582,732852332,959769711,739465939,878598393,390692476,318851454
DorothieBell	1833223908	33	24	227434242,228344336,781754897,5581300504,8411192345,701526175,565834796,469907255,781893945,593492412,485905725,261532991,5251195721,989342175,966531296,5831261923,8021262180,9491237221,1951191914,2461182702,681814133,186854649,3911263100,3771181567
StLouisOnline	3074563039	27	22	878835840,155892608,8171378310,2961082248,942494604,5581300504,639546907,259990178,684890843,8781153712,8231029693,716563555,585514587,498989151,432493310,2941038179,474789348,732544619,813622333,5291035893,840897785,559902206
Seattle_Post	2611151319	27	22	424876288,9871042182,518978191,106513170,639546907,4371051804,484821672,357578800,805815860,366249911,731668409,449794368,125711301,188967884,655442648,684890843,455499898,825758558,716563555,692886519,448939770,390692476
Atlanta_Online	2944766250	30	22	424876288,452697862,599826954,725887884,5051269393,443367964,538966434,527932195,502590119,990509236,920537144,8231029693,9361372751,739465939,7791112153,684890843,341701854,732544619,732852332,944827252,3031279483,9521177854
redlanews	4289431230	39	22	155892608,424876288,3571040642,9871042182,241998351,277918876,7561117219,4251092648,7551081130,7661019947,7621073779,119839549,217922495,7661134533,527932195,7791112153,5081132518,948869863,7651063785,131871340,113885811,9471197686
BlackEyeBlog	4178313619	61	21	155892608,323802689,366800199,190816579,474789348,9871042182,948869863,330924137,381873226,7661019947,131871340,424876288,460819792,746974770,113885811,805815860,448939770,7621073779,277918876,119839549,318851454
KenzDonovan	1715424829	24	20	966531296,227434242,635471587,472472177,4251092648,5251195721,3301307335,6411226434,2901228881,2801235986,8991220611,781754897,8381225301,9471197686,7811248759,2531236600,8411192345,3771181567,3911263100,261532991
MissouriNewsUS	4208754922	32	20	155892608,3571040642,523822204,5081132518,7371058705,7651063785,4831057579,241998351,2441041776,8241039697,746974770,685817619,453904668,368919273,488830365,3971000153,3741049500,8231029693,2181064542,812975985
BleepThePolice	1687183549	54	19	131443168,643448832,536917827,456437157,663940807,100944585,6871032876,819440864,485436494,6481127759,964438945,992943858,7621073779,341701854,5331020918,293833193,655442648,277918876,129435454
finley1589	2606301939	33	19	910913296,3591233827,8021262180,242805349,835557702,6331166364,7951213214,3351250928,781754897,805815860,681814133,9471197686,4881270967,9171164536,8411192345,186854649,3911263100,7771229726,3771181567
HoustonTopNews	2628066159	31	19	131443168,313535649,497576162,456437157,5081132518,221716833,320640969,599826954,732852332,256383906,485436494,447824655,944827252,245687278,644593574,435861364,268384732,747536990,477599573
camosaseko	1681162956	40	18	131443168,2461182702,7311276930,456437157,4091283718,3771181567,8301335743,485436494,655442648,2761222898,739465939,129435454,7811248759,9031282968,1501232634,3031279483,5131239230,3571278805
JacquelinIsBest	1694026190	35	18	966531296,5111266657,227434242,635471587,4091283718,5731267571,781754897,8501356328,472472177,261532991,8281346356,681814133,4881270967,9031282968,4131163483,1091243197,8701316574,701526175
DailyLosAngeles	2624554209	23	18	2551367700,8021262180,2581297669,7171400497,3911263100,732852332,106513170,548976621,5051269393,661936786,7621073779,944827252,681814133,5081349527,805815860,655486780,439474398,341284159
PatriotBlake	2671070290	23	18	6831193826,5831261923,8021262180,2581297669,4091283718,5251195721,2461182702,8371221296,781754897,5731267571,8281346356,9031282968,5191199769,835557702,3911263100,1121341533,8701316574,3771181567
happkendrahappy	2535818742	30	17	5111266657,7311276930,781754897,5251195721,565834796,910913296,2531236600,8251190546,6611310995,8281346356,681814133,7641344150,4881270967,5581300504,256671348,2231340574,3771181567
DonnaBRivera	1720117201	29	16	6831193826,8991220611,8021262180,2961187461,862484168,1731254539,227434242,6781268418,781754897,8251190546,5831261923,256671348,186854649,1501232634,3911263100,903482210
PhoenixDailyNew	2753211010	17	16	269825728,2181027300,9601021157,484821672,320640969,575796426,725887884,174638191,228344336,345894739,318851454,840897785,7841015930,487899999,559902206,721895615
SanAntoTopNews	2753338899	24	16	131443168,527932195,456437157,532708620,599826954,732852332,9601021157,485436494,832910736,977906796,944827252,5291035893,579832822,731668409,129435454,2581297669
CannonSher	1627699074	54	15	131443168,837431616,3571040642,2181027300,456437157,9871042182,3111206444,2931333218,485436494,8231029693,664452594,697432856,5651330329,1091243197,129435454
WatchMeWalkin	1688370956	18	15	2011273120,6411226434,190816579,3911263100,9011272268,6781268418,3941207982,6481127759,2901228881,8251190546,3901218867,5581300504,8411192345,523822204,7771229726
CooknCooks	1710804738	18	15	429343808,227434242,5831261923,8021262180,6611196295,3911263100,2801235986,8281346356,4171202646,1581348343,186854649,368669340,1091243197,7771229726,3771181567
LeroyLovesUSA	2572058134	19	15	323802689,6831193826,4091283718,3681215884,781754897,3901218867,8281346356,2801223509,7641344150,7811248759,5581300504,186854649,1121341533,9031282968,3771181567
TodayCincinnati	2577082467	18	15	9101351936,7661019947,325341412,487991499,548976621,147909124,518978191,357578800,105648945,294340722,3971115987,5381054553,174638191,8231029693,1411412734
TodayMiami	2944944427	16	15	994672192,8211121472,2931333218,268384732,5651330329,942494604,186981519,3671289681,7621073779,439474398,7791112153,5251089401,721310428,4601030579,432493310
cassishere	1629828379	19	14	2931333218,9211343643,8021262180,6451159943,760804540,5151157930,781754897,5731267571,186854649,9171164536,5651330329,4131163483,3911263100,3771181567
LauraBaeley	1658202894	26	14	1101160992,5111266657,227434242,635471587,8021262180,323528839,5151157930,860874539,781754897,875529390,472472177,8281346356,4881270967,3911263100
JavonHIDP	1670149272	18	14	9511162912,3901218867,6781268418,190816579,474789348,9871042182,679877895,3791275633,5731267571,8381225301,4881270967,3031279483,5131239230,3771181567
NewarkVoice	3091936475	14	14	269825728,8211121472,2941038179,474789348,2181068406,9871042182,4291010951,487991499,548976621,147909124,435861364,5331020918,7791112153,4471091166
BlackToLive	4840551713	18	13	9511162912,4421125761,6781268418,9871042182,2981334694,4881270967,7171400497,8251190546,3491139254,4231198553,5651330329,6031130807,3061364447
KateRitterrrr	1661246144	18	13	7311276930,635471587,2471216903,760804540,227434242,472472177,685817619,781754897,4881270967,2531236600,186854649,4131163483,6331166364
WarfareWW	2484642526	25	13	132691560,320640969,535631531,479597934,357578800,991629425,477599573,414602265,366952536,878598393,687628922,507619261,114695903
rightnpr	4311371968	18	13	2101059873,3571040642,9871042182,948869863,4251092648,7651063785,5151157930,4831057579,7781170412,7621073779,323802689,4131163483,9521177854
JeffreyKahunas	1623180199	13	12	9101351936,653841923,8021262180,293833193,3681215884,8281346356,2801223509,4881270967,448939770,4131163483,3911263100,5131239230
CarrieThornthon	1647045721	13	12	227434242,8021262180,9491237221,6611196295,5251195721,6481194123,8251190546,5731267571,354908276,5191199769,3911263100,3771181567
AlecMooooody	1652987412	12	12	6501369152,190816579,4091283718,5601309129,6611310995,2461182702,8781153712,4071205491,7811248759,9031282968,2181064542,3771181567
Crystal1Johnson	4437233895	21	12	9691358304,7911363649,9251362850,190816579,9871042182,9841185677,241998351,746974770,6611310995,7621073779,523822204,488830365
GarrettSimpson_	1660771422	22	12	635471587,242805349,781754897,671575624,6481194123,472472177,8281346356,7641344150,2001329271,3771181567,9521177854,8091298917
EmileeWaren	1676481360	17	12	6411226434,2981334694,3301307335,781754897,9151345423,460819792,2901228881,8281346356,256671348,1501232634,2231340574,3771181567
J0hnLarsen	1685718216	16	12	2931333218,9491237221,781754897,443367964,227434242,9151345423,3791275633,8281346356,7641344150,5581300504,5651330329,368669340
wadeharriot	2491081213	13	12	9101351936,9491237221,4411141645,910913296,8281346356,7641344150,2531236600,805815860,7561244475,593492412,8701316574,3771181567
Mil0Blake	3084360275	18	12	9101351936,5111266657,242805349,644593574,323528839,875529390,781754897,256671348,961964277,186854649,593492412,681814133
_NickLuna_	1649967228	17	11	7911363649,9251362850,653841923,6081285418,781754897,8281346356,354908276,448939770,760804540,8701316574,3771181567
deusXYX	1669574551	14	11	635471587,5081132518,323528839,2541291786,781754897,875529390,460819792,472472177,8281346356,579832822,805815860
DatWiseNigga	1684524144	13	11	163984321,527932195,9871042182,679877895,4251092648,8251190546,739465939,5331020918,4881270967,8231029693,4471091166
EvaGreen69	2533653547	22	11	6811271489,5081132518,2541291786,4881270967,460819792,781754897,8281346356,7641344150,469907255,5581300504,485905725
Jeblary2016	4299815909	25	11	958842434,474789348,366800199,679877895,804985321,4831057579,276898639,7991119764,5261047413,956882521,773807903
DonnieLMiller	2537357265	11	11	6781268418,579566724,5601309129,482567276,205301584,3791275633,6611310995,470565783,254300507,756303805,6281104543
MalloryJared	1659549972	11	10	269825728,163984321,6411226434,190816579,9871042182,782947185,2901228881,739465939,4471091166,773807903
GiselleEvns	2882013788	12	10	1101160992,4421125761,6781268418,614391652,1631150567,4251092648,565834796,2781152559,9471197686,9521177854
ImaSwerve	1654695517	12	10	163984321,190816579,4251092648,7651063785,746974770,8281346356,4881270967,277918876,4471091166,3771181567
ElPasoTopNews	2537507303	10	10	8071420930,1321379235,2581297669,2961082248,9541075402,942494604,5291035893,5251089401,840897785,476849482
RobbyDelaware	18710816	11	9	812639426,132691560,6921026602,171704370,3901218867,477599573,878598393,304923861,681814133
NoJonathonNo	1518857420	10	9	7311276930,190816579,8021262180,4831057579,3571278805,3651214687,3911263100,5131239230,8381225301
PrettyLaraPlace	1533813962	11	9	2011273120,5111266657,7311276930,635471587,2541291786,9151345423,472472177,469907255,485905725
JassScott	1627096807	11	9	6811271489,3031279483,9871042182,679877895,9151345423,4881270967,936813403,8501184157,5131239230
BaoBaeHam	1658420976	10	9	190816579,4251092648,3941207982,6481127759,782947185,8281280409,936813403,523822204,4471091166
ErRivvvvers	1662453998	10	9	190816579,2441041776,782947185,6141308958,5331020918,4881270967,277918876,8231029693,4471091166
StanleyParris	1685771767	10	9	190816579,2181027300,8781153712,781754897,5131239230,523822204,8231029693,2181064542,3771181567
MichelleArry	1690487623	13	9	227434242,323528839,862484168,903482210,875529390,8281346356,8921361878,805815860,639546907
OnlineMemphis	2570017414	9	9	131443168,456437157,942494604,485436494,5051269393,190473146,684890843,129435454,2581297669
RealRobert1987	2579342751	12	9	5831261923,8021262180,835557702,323528839,875529390,781754897,8281346356,9031282968,3911263100
queenofthewo	2584152521	13	9	579566724,9911201671,4881270967,482567276,205301584,470565783,254300507,756303805,9521177854
AmandaVGreen	2616344667	16	9	614391652,9911201671,323528839,875529390,205301584,4881270967,254300507,756303805,2851245311
DanaGeezus	2882037326	10	9	1101160992,4421125761,6781268418,2941038179,614391652,3491122503,330924137,593492412,2181064542
TrayneshaCole	4859142199	11	9	593993602,7651063785,6871032876,883921250,868999950,6551062352,2241098100,3151097464,8231029693
MarissaImStrong	1681425248	13	9	460819792,8781153712,781754897,5731267571,8281346356,469907255,5581300504,781893945,485905725
RH0lbr00k	1662779209	22	9	5111266657,227434242,635471587,781754897,2471171631,472472177,527932195,9171164536,6331166364
cookiiieeessss	1711063908	10	9	269825728,527932195,6481127759,782947185,685817619,5331020918,523822204,8231029693,4471091166
patriototus	3969530725	13	9	593993602,924795372,548976621,7701031888,1801131186,746974770,7991119764,913793714,498989151
MrMoraan	1517678892	8	8	4091283718,4251092648,746974770,8381225301,9031282968,1501232634,8231029693,5131239230
melanymelanin	1655194147	8	8	9101351936,190816579,4091283718,3941207982,8781153712,4881270967,9031282968,8701316574
JeanneMccarthy0	1656685598	13	8	227434242,635471587,323528839,875529390,472472177,781754897,469907255,485905725
DaileyJadon	1657694515	14	8	6781268418,579566724,9911201671,5601309129,4881270967,482567276,6611310995,470565783
GwennyThot	1677048979	9	8	6781268418,3991299972,9871042182,3571040642,9151345423,8281346356,4881270967,277918876
Jani_s_Jac	1716228906	9	8	9101351936,6781268418,190816579,2981334694,9871042182,679877895,5581300504,1501232634
mrclydepratt	1768259989	11	8	269825728,190816579,781754897,3791275633,6141308958,5581300504,8281280409,8701316574
DrMichaelGarcia	1859674386	8	8	9511162912,190816579,9491237221,7651209263,3011208818,8991220611,8411192345,5131239230
RyanMaxwell_1	1868981054	12	8	635471587,781754897,4251092648,976845929,472472177,681814133,186854649,368669340
heyits_toby	2540882036	9	8	6201354378,732852332,781754897,8281346356,7641344150,354908276,3911263100,8701316574
JudeLambertUSA	2587100717	19	8	5111266657,8021262180,8501356328,4881270967,781754897,5081349527,9891151419,3911263100
Aldrich420	3083086600	11	8	8281346356,7641344150,4881270967,5581300504,256671348,455499898,3911263100,1121341533
Hollydler	3083844539	13	8	6831193826,9491237221,323528839,875529390,8281346356,7641344150,5581300504,8411192345
WorldOfHashtags	3438999494	10	8	1101160992,424876288,6781268418,4251092648,9541075402,9291296558,4171202646,2531236600
KarenParker93	1659753702	13	8	7311276930,3991299972,323528839,875529390,460819792,256671348,805815860,4131163483
BrianTheLifter	1675280893	8	8	6781268418,4091283718,9871042182,5601309129,2931333218,6611310995,9031282968,5651330329
JerStoner	1683608846	8	8	6781268418,190816579,9181303763,5581300504,8281280409,523822204,6141308958,773807903
QueennArielle	1688003786	8	8	190816579,9871042182,405962536,7651063785,915960396,511959890,493963894,4471091166
JohnnyMarch_	1695671640	9	8	163984321,3571040642,190816579,9871042182,6481127759,746974770,523822204,4471091166
SCOTTGOHARD	100345056	15	7	4421125761,408828994,452697862,3791275633,991629425,341701854,341284159
Beckster319	247165706	7	7	9691358304,7911363649,9251362850,5851211880,3051429728,681814133,155892608
WesternWindWes	1649144358	9	7	5081132518,323528839,875529390,6611310995,944827252,2001329271,5581300504
CynthiaMHunter	1651693646	16	7	635471587,781754897,6481194123,472472177,1731254539,3911263100,3771181567
acejinev	1652138929	8	7	3571040642,3991299972,9871042182,4251092648,7651063785,5671331212,746974770
AntonHayHay	1652262638	7	7	190816579,6611196295,9151345423,9181303763,5081349527,8411192345,773807903
JaydaAstonishin	1653553555	8	7	190816579,9871042182,5261286863,9181303763,8381225301,7771229726,5731267571
SamirGooden	1672624255	7	7	9691358304,5111266657,9871042182,5251195721,8231029693,5131239230,3771181567
ChadSloyer	1676377446	7	7	190816579,9871042182,8981294705,5581300504,9031282968,8231029693,5131239230
PeytonCashOut	1682444790	9	7	3571040642,474789348,804985321,3461295822,9181303763,8281346356,739465939
OneMightyFish	1715190968	7	7	5831261923,8021262180,3941207982,9151345423,8781153712,7811248759,3911263100
JadonHutchinson	2492948562	7	7	6831193826,190816579,4091283718,679877895,6871032876,4881270967,3651214687
PaolaKinck	2535166748	14	7	1101160992,781754897,860874539,3791275633,4781158362,4131163483,8701316574
heyheyhailey	2535218881	11	7	9911201671,117190540,205301584,2531236600,254300507,756303805,2851245311
Stanley_Cox_	2540758755	9	7	635471587,242805349,293833193,472472177,961964277,5581300504,8701316574
LoraGreeen	2569229674	17	7	9911201671,5601309129,3791275633,6611310995,2851245311,6141308958,6281104543
ChrixMorgan	2882350436	8	7	1101160992,6781268418,2941038179,614391652,487991499,117190540,128136504
RichmondVoice	3080829096	7	7	190816579,474789348,125711301,599826954,2941038179,944827252,186854649
blackmattersus	3978316814	10	7	155892608,518978191,7371058705,9471197686,488830365,2181064542,3061364447
FightM_D_B	1645969141	9	7	163984321,4251092648,228344336,782947185,746974770,277918876,4471091166
hollandpatrickk	1646999972	7	7	323802689,8281346356,7641344150,5081349527,5581300504,3911263100,8701316574
WillisBonnerr	1680366068	8	7	9101351936,190816579,936813403,6871032876,6431306691,4881270967,3031279483
LazyKStafford	2533221819	9	7	323528839,9291296558,228344336,781754897,875529390,1121341533,989342175
RealTEN_GOP	4224912857	11	7	323802689,3571040642,4251092648,7781170412,7621073779,3741049500,9521177854
erdollum	723434980177633280	11	7	4421125761,2941038179,4251092648,7651063785,4841101231,1791103898,2181064542
BerlinBote	725305686989656064	7	7	8211121472,7561117219,9241111820,5541371181,8781153712,5581300504,9381090457
Jery_RobertsYo	1594887416	6	6	190816579,5131239230,6141308958,523822204,8231029693,2181064542
LILJordamn	1612106972	7	6	5111266657,6781268418,190816579,7651063785,6871032876,3671289681
EliasBrick	1665377383	7	6	2181027300,8781153712,781754897,2181064542,8231029693,5131239230
BLMSoldier	1685173321	6	6	3571040642,804985321,2801235986,5261047413,523822204,5131239230
RandolphBurrr	1699979024	9	6	2181027300,9871042182,5601309129,6611310995,739465939,2181064542
ZzzacharyZzz	1701955429	6	6	163984321,527932195,679877895,782947185,739465939,8231029693
IIddaaMarks	1716561367	9	6	527932195,9871042182,782947185,8281346356,4881270967,4471091166
HunterOddddom	1720981580	6	6	9101351936,2011273120,190816579,9181303763,7811248759,3031279483
OGDeandre	1856828959	7	6	6501369152,9871042182,3341321770,8281346356,4881270967,5131239230
PatriotRaphael	2590038478	16	6	2931333218,653841923,472472177,781754897,635471587,5651330329
BGarner2107	2732675512	10	6	3791275633,4881270967,2531236600,5191199769,6141308958,2851245311
PriceForPierce	3084088366	10	6	805815860,781754897,256671348,4881270967,8281346356,639546907
4MySquad	4036537452	12	6	155892608,190816579,900779460,523822204,348844669,773807903
BlackNewsOutlet	4301962823	7	6	155892608,6781268418,190816579,366800199,460819792,936813403
JohnieVOGUE	1653393446	8	6	9871042182,8781153712,782947185,746974770,8231029693,4471091166
maymaymyy	1654347974	8	6	6781268418,6431306691,4251092648,782947185,527932195,4471091166
JeaNuttella	1655815544	6	6	190816579,4651318812,3341321770,523822204,8701316574,8781320799
FinnaGlo	1663583694	6	6	3571040642,190816579,782947185,277918876,4471091166,3771181567
BrentMcclure275	1873206768	6	6	7311276930,3671289681,685817619,5261047413,5651330329,8701316574
berkhoff85	714720908821327872	15	6	4251092648,5091099625,8781153712,5351136853,1791103898,6281104543
mtthsberger	718340894529822720	15	6	4251092648,5091099625,8781153712,5351136853,7651063785,2181064542
CharlesJHarper	1532863891	5	5	2531236600,3791275633,482567276,579566724,470565783
PaulineTT	1617939218	5	5	190816579,523822204,8231029693,9871042182,4881270967
ImaPharrelFake	1648012021	6	5	8281280409,354908276,2181064542,5131239230,4091283718
IlikeBIGbuttand	1650681522	18	5	2851245311,6281104543,527932195,6141308958,9911201671
iLoveSarahRich	1660375034	6	5	190816579,3031279483,523822204,8231029693,2181064542
PamBLMDaniels	1666030405	6	5	3031279483,8281280409,5731267571,9871042182,6481127759
ravenicholson	1914760610	6	5	9691358304,923508292,9471197686,5131239230,930507189
interFischer	2498271878	7	5	5111266657,186854649,8281346356,7641344150,781754897
DevineDevinBr	3084866039	5	5	781754897,1241264386,835557702,961964277,8701316574
GallowayEliana	1504356343	6	5	8781153712,7651063785,3571040642,9871042182,6481127759
BigSeanBeast	1621376306	5	5	9691358304,685817619,5731267571,5261047413,8701316574
JohnBranchh	1657753759	7	5	4251092648,8781153712,227434242,7651063785,782947185
DamaniMiles	1660804459	5	5	7371058705,190816579,679877895,523822204,6481127759
March_for_Trump	737420000043139072	5	5	3911263100,5831261923,8021262180,2101059873,4231198553
nj_blacknews	4233777387	8	5	812975985,366800199,190816579,523822204,773807903
chrisuport_port	733273388836347904	12	5	4251092648,1791103898,1491133308,5351136853,6131415509
lukas_rosler	716919079597182976	5	5	4161165530,5091099625,1791103898,5071416819,5351136853
darknally	1039581360	5	4	395211129,914319394,4161165530,341284159
BigBoyJasiah	1584279696	4	4	7371058705,7311276930,936813403,3771181567
staywoke88	1651692980	4	4	773807903,8281346356,2181064542,5261286863
IMissObama	1656024374	4	4	3031279483,6611196295,4091283718,4881270967
TravisRespek	1658440730	5	4	781754897,8231029693,9871042182,5081238399
Gab1Aldana	1674083671	22	4	527932195,9911201671,614391652,2851245311
ArchieOlivers	1686370159	12	4	4251092648,781754897,227434242,5081132518
Kelvin_Chambers	1695830984	5	4	460819792,781754897,8281346356,242805349
MelvinSRoberts	1727482238	15	4	2851245311,9911201671,6281104543,4881270967
brianaregland	1868496344	5	4	4231198553,190816579,1011247508,1091243197
Jasper_Fly	2533001646	4	4	2531236600,6781268418,6281104543,4881270967
pureDavie	2620869737	10	4	914319394,9911201671,2981138236,2471171631
todayinsyria	3899481526	5	4	9101351936,722797242,462776628,961964277
Blk_Voice	4217244274	5	4	1731254539,804985321,5961004899,487991499
SusaYung	1527133837	12	4	7651063785,190816579,523822204,5261047413
KaydenMelton	1647637538	4	4	227434242,2181064542,8231029693,9871042182
AdrGreerr	1660186831	5	4	190816579,523822204,5261047413,4881270967
KenCannone	1696996141	6	4	1101160992,6781268418,4781158362,9911201671
CoryNaeNae	1863956756	5	4	253665880,781754897,190816579,523822204
Pati_Cooper	1882324014	6	4	781754897,227434242,256671348,186854649
Luke_Jones13	4209684039	8	4	3771110865,7991119764,4601135198,5081132518
MeggieONeil	1625965398	4	4	228344336,6781268418,989342175,6281104543
zubovnik	2589513234	5	4	366952536,532708620,2941038179,462776628
inst_vets	703670485859614720	5	4	7651063785,593993602,3571040642,9871042182
Jihadist2ndWife	719281218965999616	5	4	7701031888,7651063785,7841015930,4831057579
lagonehoe	1510488662	4	3	253665880,7561244475,474789348
YouJustCtrlC	1513801268	10	3	228344336,7391284174,4881270967
RamonasNails	1620474397	3	3	8781153712,6431306691,5081238399
HiImKhloe	1649487510	3	3	936813403,190816579,523822204
Siccerthanyou	1670318690	3	3	9871042182,4471091166,8231029693
RegieBlackmon	1691736218	3	3	9871042182,2181064542,7811248759
razvedchica_	2514979491	3	3	3591233827,8381225301,3941207982
traceyhappymom	2531159968	8	3	2851245311,527932195,9911201671
dannythehappies	2536146374	9	3	9521177854,824660582,9911201671
hipppo_	2572092279	6	3	2531236600,2851245311,9911201671
CassieWeltch	2589353987	5	3	323528839,875529390,9911201671
JarrardNorman	2604334823	11	3	323528839,875529390,9911201671
ItsTimeToSecede	4271904983	4	3	4231198553,4171202646,9471197686
ClayPaigeBoo	1626302035	3	3	269825728,474789348,9871042182
janelperkinson	1706657124	5	3	4251092648,782947185,4471091166
BriceGeller	1850866398	4	3	190816579,523822204,5261047413
CliftonHughes_	2491401030	3	3	4251092648,523822204,5331020918
DominicValent	2573225349	14	3	6781268418,527932195,9911201671
Patriot_Archive	4103087435	3	3	113885811,487991499,498989151
MaxDementiev	2808833544	7	3	738739579,2941038179,4841101231
riafanru	2570574680	6	3	2941038179,684890843,961964277
instotus	3989295372	4	3	366952536,746974770,593993602
WhiteHouseCards	731123255457816577	4	3	8211121472,4831057579,7991119764
PolitOpros	2534367226	3	3	7811248759,284282902,4841101231
skatewake1994	249538861	2	2	6851392731,3991393206
CurtisBigMan	1668307436	10	2	2851245311,9911201671
RosieOnFleek	1680578719	2	2	3791275633,781754897
CornellBurchet	1692501152	2	2	3571040642,190816579
BrucieDublin	2532597577	2	2	2531236600,2851245311
KathieMrr	2532611755	10	2	9911201671,2851245311
holycrapchrix	2540596597	14	2	5191199769,9911201671
mr_clampin	2541945841	2	2	914319394,9521177854
Aiden7757	2570250275	8	2	4131163483,9911201671
brightandglory	2668171329	10	2	9911201671,2851245311
cascaseyp	2742482932	10	2	2531236600,9911201671
taraformation	1534083420	2	2	9511162912,2441041776
TessyElmore	1660183028	2	2	781754897,685817619
JohnieBoyCooks	1668314575	2	2	190816579,6871032876
AdamChapmanJR	1670762347	3	2	936813403,9871042182
WokeFromDay1	1678552327	2	2	3571040642,474789348
RobertEbonyKing	1691000604	2	2	6781268418,190816579
aantiracist	1709314117	2	2	804985321,5261047413
coldwar20_ru	2351739462	2	2	366952536,519231972
DickyIrwin	2598367019	9	2	9911201671,2851245311
blacneighbor	4289925109	2	2	474789348,318851454
GlobalFoe	4444330996	2	2	684890843,805815860
bydrbre_	735790317048344576	2	2	7171400497,7811248759
internalmemer	747344250895884290	2	2	3991299972,3711281358
maximgaron1	3906961827	2	2	722797242,944827252
Williams_Diana_	703303258476036096	2	2	7551081130,2241098100
KadirovRussia	449689677	1	1	519231972
Adrienne_GG	1657833811	10	1	9911201671
claudia42kern	1664988493	1	1	2531236600
ArturBuranof	2233297178	1	1	8361204761
Kotovamarys	2494509505	1	1	5731267571
ponomarevSlav	2524942055	1	1	8381225301
VasilichVasili	2528245959	1	1	5731267571
CalebPaar	2535353390	3	1	9911201671
toneporter	2571997365	4	1	9911201671
Sergeev_Tolik	2575471053	1	1	8381225301
Bocharnikov_V	2586491520	1	1	7811248759
dontshootcom	4856706634	1	1	9511162912
NotBallinYet	1623062953	1	1	474789348
CharlesRespeck	1649652192	1	1	5261047413
HellieEdwards	1650310652	7	1	9911201671
SincerePruitt	1655288160	1	1	6871032876
NehemiahX	1685229229	1	1	679877895
BigBoySneed	1868810166	2	1	190816579
NotRitaHart	2496599688	1	1	2851245311
abigailssilk	2534421182	1	1	6781268418
JmsCoxxx	2580516159	1	1	3791275633
JacksonCityPost	3081110164	1	1	155892608
LysikVinkova	2579089021	1	1	8381225301
anzgri	87588938	1	1	5051269393
PeeOnHillary	748464969008680963	1	1	7991119764
RUS_IN_USA	762948178178150400	1	1	3341321770